Name,GPA
A,2
AB,3
AC,4
AD,5
AE,6
AF,7
AG,8
AH,9
AI,10
AJ,11
AK,12
AL,13
AM,14
AN,15
AO,16
AP,17
AQ,18
AR,19
AS,20
AT,21
AU,22
AV,23
AW,24
AX,25
AY,26
AZ,27
BA,28
BB,29
BC,30
BD,31
BE,32
BF,33
BG,34
BH,35
BI,36
BJ,37
BK,38
BL,39
BM,40
BN,41
BO,42
BP,43
BQ,44
BR,45
BS,46
BT,47
BU,48
BV,49
BW,50
BX,51
BY,52
BZ,53
CA,54
CB,55
CC,56
CD,57
CE,58
CF,59
CG,60
CH,61
CI,62
CJ,63
CK,64
CL,65
CM,66
CN,67
CO,68
CP,69
CQ,70
CR,71
CS,72
CT,73
CU,74
CV,75
CW,76
CX,77
CY,78
CZ,79
DA,80
DB,81
DC,82
DD,83
DE,84
DF,85
DG,86
DH,87
DI,88
DJ,89
DK,90
DL,91
DM,92
DN,93
DO,94
DP,95
DQ,96
DR,97
DS,98
DT,99
DU,100
DV,101
DW,102
DX,103
DY,104
DZ,105
EA,106
EB,107
EC,108
ED,109
EE,110
EF,111
EG,112
EH,113
EI,114
EJ,115
EK,116
EL,117
EM,118
EN,119
EO,120
EP,121
EQ,122
ER,123
ES,124
ET,125
EU,126
EV,127
EW,128
EX,129
EY,130
EZ,131
FA,132
FB,133
FC,134
FD,135
FE,136
FF,137
FG,138
FH,139
FI,140
FJ,141
FK,142
FL,143
FM,144
FN,145
FO,146
FP,147
FQ,148
FR,149
FS,150
FT,151
FU,152
FV,153
FW,154
FX,155
FY,156
FZ,157
GA,158
GB,159
GC,160
GD,161
GE,162
GF,163
GG,164
GH,165
GI,166
GJ,167
GK,168
GL,169
GM,170
GN,171
GO,172
GP,173
GQ,174
GR,175
GS,176
GT,177
GU,178
GV,179
GW,180
GX,181
GY,182
GZ,183
HA,184
HB,185
HC,186
HD,187
HE,188
HF,189
HG,190
HH,191
HI,192
HJ,193
HK,194
HL,195
HM,196
HN,197
HO,198
HP,199
HQ,200
HR,201
HS,202
HT,203
HU,204
HV,205
HW,206
HX,207
HY,208
HZ,209
IA,210
IB,211
IC,212
ID,213
IE,214
IF,215
IG,216
IH,217
II,218
IJ,219
IK,220
IL,221
IM,222
IN,223
IO,224
IP,225
IQ,226
IR,227
IS,228
IT,229
IU,230
IV,231
IW,232
IX,233
IY,234
IZ,235
JA,236
JB,237
JC,238
JD,239
JE,240
JF,241
JG,242
JH,243
JI,244
JJ,245
JK,246
JL,247
JM,248
JN,249
JO,250
JP,251
JQ,252
JR,253
JS,254
JT,255
JU,256
JV,257
JW,258
JX,259
JY,260
JZ,261
KA,262
KB,263
KC,264
KD,265
KE,266
KF,267
KG,268
KH,269
KI,270
KJ,271
KK,272
KL,273
KM,274
KN,275
KO,276
KP,277
KQ,278
KR,279
KS,280
KT,281
KU,282
KV,283
KW,284
KX,285
KY,286
KZ,287
LA,288
LB,289
LC,290
LD,291
LE,292
LF,293
LG,294
LH,295
LI,296
LJ,297
LK,298
LL,299
LM,300
LN,301
LO,302
LP,303
LQ,304
LR,305
LS,306
LT,307
LU,308
LV,309
LW,310
LX,311
LY,312
LZ,313
MA,314
MB,315
MC,316
MD,317
ME,318
MF,319
MG,320
MH,321
MI,322
MJ,323
MK,324
ML,325
MM,326
MN,327
MO,328
MP,329
MQ,330
MR,331
MS,332
MT,333
MU,334
MV,335
MW,336
MX,337
MY,338
MZ,339
NA,340
NB,341
NC,342
ND,343
NE,344
NF,345
NG,346
NH,347
NI,348
NJ,349
NK,350
NL,351
NM,352
NN,353
NO,354
NP,355
NQ,356
NR,357
NS,358
NT,359
NU,360
NV,361
NW,362
NX,363
NY,364
NZ,365
OA,366
OB,367
OC,368
OD,369
OE,370
OF,371
OG,372
OH,373
OI,374
OJ,375
OK,376
OL,377
OM,378
ON,379
OO,380
OP,381
OQ,382
OR,383
OS,384
OT,385
OU,386
OV,387
OW,388
OX,389
OY,390
OZ,391
PA,392
PB,393
PC,394
PD,395
PE,396
PF,397
PG,398
PH,399
PI,400
PJ,401
PK,402
PL,403
PM,404
PN,405
PO,406
PP,407
PQ,408
PR,409
PS,410
PT,411
PU,412
PV,413
PW,414
PX,415
PY,416
PZ,417
QA,418
QB,419
QC,420
QD,421
QE,422
QF,423
QG,424
QH,425
QI,426
QJ,427
QK,428
QL,429
QM,430
QN,431
QO,432
QP,433
QQ,434
QR,435
QS,436
QT,437
QU,438
QV,439
QW,440
QX,441
QY,442
QZ,443
RA,444
RB,445
RC,446
RD,447
RE,448
RF,449
RG,450
RH,451
RI,452
RJ,453
RK,454
RL,455
RM,456
RN,457
RO,458
RP,459
RQ,460
RR,461
RS,462
RT,463
RU,464
RV,465
RW,466
RX,467
RY,468
RZ,469
SA,470
SB,471
SC,472
SD,473
SE,474
SF,475
SG,476
SH,477
SI,478
SJ,479
SK,480
SL,481
SM,482
SN,483
SO,484
SP,485
SQ,486
SR,487
SS,488
ST,489
SU,490
SV,491
SW,492
SX,493
SY,494
SZ,495
TA,496
TB,497
TC,498
TD,499
TE,500
TF,501
TG,502
TH,503
TI,504
TJ,505
TK,506
TL,507
TM,508
TN,509
TO,510
TP,511
TQ,512
TR,513
TS,514
TT,515
TU,516
TV,517
TW,518
TX,519
TY,520
TZ,521
UA,522
UB,523
UC,524
UD,525
UE,526
UF,527
UG,528
UH,529
UI,530
UJ,531
UK,532
UL,533
UM,534
UN,535
UO,536
UP,537
UQ,538
UR,539
US,540
UT,541
UU,542
UV,543
UW,544
UX,545
UY,546
UZ,547
VA,548
VB,549
VC,550
VD,551
VE,552
VF,553
VG,554
VH,555
VI,556
VJ,557
VK,558
VL,559
VM,560
VN,561
VO,562
VP,563
VQ,564
VR,565
VS,566
VT,567
VU,568
VV,569
VW,570
VX,571
VY,572
VZ,573
WA,574
WB,575
WC,576
WD,577
WE,578
WF,579
WG,580
WH,581
WI,582
WJ,583
WK,584
WL,585
WM,586
WN,587
WO,588
WP,589
WQ,590
WR,591
WS,592
WT,593
WU,594
WV,595
WW,596
WX,597
WY,598
WZ,599
XA,600
XB,601
XC,602
XD,603
XE,604
XF,605
XG,606
XH,607
XI,608
XJ,609
XK,610
XL,611
XM,612
XN,613
XO,614
XP,615
XQ,616
XR,617
XS,618
XT,619
XU,620
XV,621
XW,622
XX,623
XY,624
XZ,625
YA,626
YB,627
YC,628
YD,629
YE,630
YF,631
YG,632
YH,633
YI,634
YJ,635
YK,636
YL,637
YM,638
YN,639
YO,640
YP,641
YQ,642
YR,643
YS,644
YT,645
YU,646
YV,647
YW,648
YX,649
YY,650
YZ,651
ZA,652
ZB,653
ZC,654
ZD,655
ZE,656
ZF,657
ZG,658
ZH,659
ZI,660
ZJ,661
ZK,662
ZL,663
ZM,664
ZN,665
ZO,666
ZP,667
ZQ,668
ZR,669
ZS,670
ZT,671
ZU,672
ZV,673
ZW,674
ZX,675
ZY,676
ZZ,677
[A,678
[B,679
[C,680
[D,681
[E,682
[F,683
[G,684
[H,685
[I,686
[J,687
[K,688
[L,689
[M,690
[N,691
[O,692
[P,693
[Q,694
[R,695
[S,696
[T,697
[U,698
[V,699
[W,700
[X,701
[Y,702
[Z,703
\A,704
\B,705
\C,706
\D,707
\E,708
\F,709
\G,710
\H,711
\I,712
\J,713
\K,714
\L,715
\M,716
\N,717
\O,718
\P,719
\Q,720
\R,721
\S,722
\T,723
\U,724
\V,725
\W,726
\X,727
\Y,728
\Z,729
]A,730
]B,731
]C,732
]D,733
]E,734
]F,735
]G,736
]H,737
]I,738
]J,739
]K,740
]L,741
]M,742
]N,743
]O,744
]P,745
]Q,746
]R,747
]S,748
]T,749
]U,750
]V,751
]W,752
]X,753
]Y,754
]Z,755
^A,756
^B,757
^C,758
^D,759
^E,760
^F,761
^G,762
^H,763
^I,764
^J,765
^K,766
^L,767
^M,768
^N,769
^O,770
^P,771
^Q,772
^R,773
^S,774
^T,775
^U,776
^V,777
^W,778
^X,779
^Y,780
^Z,781
_A,782
_B,783
_C,784
_D,785
_E,786
_F,787
_G,788
_H,789
_I,790
_J,791
_K,792
_L,793
_M,794
_N,795
_O,796
_P,797
_Q,798
_R,799
_S,800
_T,801
_U,802
_V,803
_W,804
_X,805
_Y,806
_Z,807
`A,808
`B,809
`C,810
`D,811
`E,812
`F,813
`G,814
`H,815
`I,816
`J,817
`K,818
`L,819
`M,820
`N,821
`O,822
`P,823
`Q,824
`R,825
`S,826
`T,827
`U,828
`V,829
`W,830
`X,831
`Y,832
`Z,833
aA,834
aB,835
aC,836
aD,837
aE,838
aF,839
aG,840
aH,841
aI,842
aJ,843
aK,844
aL,845
aM,846
aN,847
aO,848
aP,849
aQ,850
aR,851
aS,852
aT,853
aU,854
aV,855
aW,856
aX,857
aY,858
aZ,859
bA,860
bB,861
bC,862
bD,863
bE,864
bF,865
bG,866
bH,867
bI,868
bJ,869
bK,870
bL,871
bM,872
bN,873
bO,874
bP,875
bQ,876
bR,877
bS,878
bT,879
bU,880
bV,881
bW,882
bX,883
bY,884
bZ,885
cA,886
cB,887
cC,888
cD,889
cE,890
cF,891
cG,892
cH,893
cI,894
cJ,895
cK,896
cL,897
cM,898
cN,899
cO,900
cP,901
cQ,902
cR,903
cS,904
cT,905
cU,906
cV,907
cW,908
cX,909
cY,910
cZ,911
dA,912
dB,913
dC,914
dD,915
dE,916
dF,917
dG,918
dH,919
dI,920
dJ,921
dK,922
dL,923
dM,924
dN,925
dO,926
dP,927
dQ,928
dR,929
dS,930
dT,931
dU,932
dV,933
dW,934
dX,935
dY,936
dZ,937
eA,938
eB,939
eC,940
eD,941
eE,942
eF,943
eG,944
eH,945
eI,946
eJ,947
eK,948
eL,949
eM,950
eN,951
eO,952
eP,953
eQ,954
eR,955
eS,956
eT,957
eU,958
eV,959
eW,960
eX,961
eY,962
eZ,963
fA,964
fB,965
fC,966
fD,967
fE,968
fF,969
fG,970
fH,971
fI,972
fJ,973
fK,974
fL,975
fM,976
fN,977
fO,978
fP,979
fQ,980
fR,981
fS,982
fT,983
fU,984
fV,985
fW,986
fX,987
fY,988
fZ,989
gA,990
gB,991
gC,992
gD,993
gE,994
gF,995
gG,996
gH,997
gI,998
gJ,999
gK,1000
gL,1001
gM,1002
gN,1003
gO,1004
gP,1005
gQ,1006
gR,1007
gS,1008
gT,1009
gU,1010
gV,1011
gW,1012
gX,1013
gY,1014
gZ,1015
hA,1016
hB,1017
hC,1018
hD,1019
hE,1020
hF,1021
hG,1022
hH,1023
hI,1024
hJ,1025
hK,1026
hL,1027
hM,1028
hN,1029
hO,1030
hP,1031
hQ,1032
hR,1033
hS,1034
hT,1035
hU,1036
hV,1037
hW,1038
hX,1039
hY,1040
hZ,1041
iA,1042
iB,1043
iC,1044
iD,1045
iE,1046
iF,1047
iG,1048
iH,1049
iI,1050
iJ,1051
iK,1052
iL,1053
iM,1054
iN,1055
iO,1056
iP,1057
iQ,1058
iR,1059
iS,1060
iT,1061
iU,1062
iV,1063
iW,1064
iX,1065
iY,1066
iZ,1067
jA,1068
jB,1069
jC,1070
jD,1071
jE,1072
jF,1073
jG,1074
jH,1075
jI,1076
jJ,1077
jK,1078
jL,1079
jM,1080
jN,1081
jO,1082
jP,1083
jQ,1084
jR,1085
jS,1086
jT,1087
jU,1088
jV,1089
jW,1090
jX,1091
jY,1092
jZ,1093
kA,1094
kB,1095
kC,1096
kD,1097
kE,1098
kF,1099
kG,1100
kH,1101
kI,1102
kJ,1103
kK,1104
kL,1105
kM,1106
kN,1107
kO,1108
kP,1109
kQ,1110
kR,1111
kS,1112
kT,1113
kU,1114
kV,1115
kW,1116
kX,1117
kY,1118
kZ,1119
lA,1120
lB,1121
lC,1122
lD,1123
lE,1124
lF,1125
lG,1126
lH,1127
lI,1128
lJ,1129
lK,1130
lL,1131
lM,1132
lN,1133
lO,1134
lP,1135
lQ,1136
lR,1137
lS,1138
lT,1139
lU,1140
lV,1141
lW,1142
lX,1143
lY,1144
lZ,1145
mA,1146
mB,1147
mC,1148
mD,1149
mE,1150
mF,1151
mG,1152
mH,1153
mI,1154
mJ,1155
mK,1156
mL,1157
mM,1158
mN,1159
mO,1160
mP,1161
mQ,1162
mR,1163
mS,1164
mT,1165
mU,1166
mV,1167
mW,1168
mX,1169
mY,1170
mZ,1171
nA,1172
nB,1173
nC,1174
nD,1175
nE,1176
nF,1177
nG,1178
nH,1179
nI,1180
nJ,1181
nK,1182
nL,1183
nM,1184
nN,1185
nO,1186
nP,1187
nQ,1188
nR,1189
nS,1190
nT,1191
nU,1192
nV,1193
nW,1194
nX,1195
nY,1196
nZ,1197
oA,1198
oB,1199
oC,1200
oD,1201
oE,1202
oF,1203
oG,1204
oH,1205
oI,1206
oJ,1207
oK,1208
oL,1209
oM,1210
oN,1211
oO,1212
oP,1213
oQ,1214
oR,1215
oS,1216
oT,1217
oU,1218
oV,1219
oW,1220
oX,1221
oY,1222
oZ,1223
pA,1224
pB,1225
pC,1226
pD,1227
pE,1228
pF,1229
pG,1230
pH,1231
pI,1232
pJ,1233
pK,1234
pL,1235
pM,1236
pN,1237
pO,1238
pP,1239
pQ,1240
pR,1241
pS,1242
pT,1243
pU,1244
pV,1245
pW,1246
pX,1247
pY,1248
pZ,1249
qA,1250
qB,1251
qC,1252
qD,1253
qE,1254
qF,1255
qG,1256
qH,1257
qI,1258
qJ,1259
qK,1260
qL,1261
qM,1262
qN,1263
qO,1264
qP,1265
qQ,1266
qR,1267
qS,1268
qT,1269
qU,1270
qV,1271
qW,1272
qX,1273
qY,1274
qZ,1275
rA,1276
rB,1277
rC,1278
rD,1279
rE,1280
rF,1281
rG,1282
rH,1283
rI,1284
rJ,1285
rK,1286
rL,1287
rM,1288
rN,1289
rO,1290
rP,1291
rQ,1292
rR,1293
rS,1294
rT,1295
rU,1296
rV,1297
rW,1298
rX,1299
rY,1300
rZ,1301
sA,1302
sB,1303
sC,1304
sD,1305
sE,1306
sF,1307
sG,1308
sH,1309
sI,1310
sJ,1311
sK,1312
sL,1313
sM,1314
sN,1315
sO,1316
sP,1317
sQ,1318
sR,1319
sS,1320
sT,1321
sU,1322
sV,1323
sW,1324
sX,1325
sY,1326
sZ,1327
tA,1328
tB,1329
tC,1330
tD,1331
tE,1332
tF,1333
tG,1334
tH,1335
tI,1336
tJ,1337
tK,1338
tL,1339
tM,1340
tN,1341
tO,1342
tP,1343
tQ,1344
tR,1345
tS,1346
tT,1347
tU,1348
tV,1349
tW,1350
tX,1351
tY,1352
tZ,1353
uA,1354
uB,1355
uC,1356
uD,1357
uE,1358
uF,1359
uG,1360
uH,1361
uI,1362
uJ,1363
uK,1364
uL,1365
uM,1366
uN,1367
uO,1368
uP,1369
uQ,1370
uR,1371
uS,1372
uT,1373
uU,1374
uV,1375
uW,1376
uX,1377
uY,1378
uZ,1379
vA,1380
vB,1381
vC,1382
vD,1383
vE,1384
vF,1385
vG,1386
vH,1387
vI,1388
vJ,1389
vK,1390
vL,1391
vM,1392
vN,1393
vO,1394
vP,1395
vQ,1396
vR,1397
vS,1398
vT,1399
vU,1400
vV,1401
vW,1402
vX,1403
vY,1404
vZ,1405
wA,1406
wB,1407
wC,1408
wD,1409
wE,1410
wF,1411
wG,1412
wH,1413
wI,1414
wJ,1415
wK,1416
wL,1417
wM,1418
wN,1419
wO,1420
wP,1421
wQ,1422
wR,1423
wS,1424
wT,1425
wU,1426
wV,1427
wW,1428
wX,1429
wY,1430
wZ,1431
xA,1432
xB,1433
xC,1434
xD,1435
xE,1436
xF,1437
xG,1438
xH,1439
xI,1440
xJ,1441
xK,1442
xL,1443
xM,1444
xN,1445
xO,1446
xP,1447
xQ,1448
xR,1449
xS,1450
xT,1451
xU,1452
xV,1453
xW,1454
xX,1455
xY,1456
xZ,1457
yA,1458
yB,1459
yC,1460
yD,1461
yE,1462
yF,1463
yG,1464
yH,1465
yI,1466
yJ,1467
yK,1468
yL,1469
yM,1470
yN,1471
yO,1472
yP,1473
yQ,1474
yR,1475
yS,1476
yT,1477
yU,1478
yV,1479
yW,1480
yX,1481
yY,1482
yZ,1483
zA,1484
zB,1485
zC,1486
zD,1487
zE,1488
zF,1489
zG,1490
zH,1491
zI,1492
zJ,1493
zK,1494
zL,1495
zM,1496
zN,1497
zO,1498
zP,1499
zQ,1500
zR,1501
zS,1502
zT,1503
zU,1504
zV,1505
zW,1506
zX,1507
zY,1508
zZ,1509
{A,1510
{B,1511
{C,1512
{D,1513
{E,1514
{F,1515
{G,1516
{H,1517
{I,1518
{J,1519
{K,1520
{L,1521
{M,1522
{N,1523
{O,1524
{P,1525
{Q,1526
{R,1527
{S,1528
{T,1529
{U,1530
{V,1531
{W,1532
{X,1533
{Y,1534
{Z,1535
|A,1536
|B,1537
|C,1538
|D,1539
|E,1540
|F,1541
|G,1542
|H,1543
|I,1544
|J,1545
|K,1546
|L,1547
|M,1548
|N,1549
|O,1550
|P,1551
|Q,1552
|R,1553
|S,1554
|T,1555
|U,1556
|V,1557
|W,1558
|X,1559
|Y,1560
|Z,1561
}A,1562
}B,1563
}C,1564
}D,1565
}E,1566
}F,1567
}G,1568
}H,1569
}I,1570
}J,1571
}K,1572
}L,1573
}M,1574
}N,1575
}O,1576
}P,1577
}Q,1578
}R,1579
}S,1580
}T,1581
}U,1582
}V,1583
}W,1584
}X,1585
}Y,1586
}Z,1587
~A,1588
~B,1589
~C,1590
~D,1591
~E,1592
~F,1593
~G,1594
~H,1595
~I,1596
~J,1597
~K,1598
~L,1599
~M,1600
~N,1601
~O,1602
~P,1603
~Q,1604
~R,1605
~S,1606
~T,1607
~U,1608
~V,1609
~W,1610
~X,1611
~Y,1612
~Z,1613
A,1614
B,1615
C,1616
D,1617
E,1618
F,1619
G,1620
H,1621
I,1622
J,1623
K,1624
L,1625
M,1626
N,1627
O,1628
P,1629
Q,1630
R,1631
S,1632
T,1633
U,1634
V,1635
W,1636
X,1637
Y,1638
Z,1639
ÄA,1640
ÄB,1641
ÄC,1642
ÄD,1643
ÄE,1644
ÄF,1645
ÄG,1646
ÄH,1647
ÄI,1648
ÄJ,1649
ÄK,1650
ÄL,1651
ÄM,1652
ÄN,1653
ÄO,1654
ÄP,1655
ÄQ,1656
ÄR,1657
ÄS,1658
ÄT,1659
ÄU,1660
ÄV,1661
ÄW,1662
ÄX,1663
ÄY,1664
ÄZ,1665
ÅA,1666
ÅB,1667
ÅC,1668
ÅD,1669
ÅE,1670
ÅF,1671
ÅG,1672
ÅH,1673
ÅI,1674
ÅJ,1675
ÅK,1676
ÅL,1677
ÅM,1678
ÅN,1679
ÅO,1680
ÅP,1681
ÅQ,1682
ÅR,1683
ÅS,1684
ÅT,1685
ÅU,1686
ÅV,1687
ÅW,1688
ÅX,1689
ÅY,1690
ÅZ,1691
ÇA,1692
ÇB,1693
ÇC,1694
ÇD,1695
ÇE,1696
ÇF,1697
ÇG,1698
ÇH,1699
ÇI,1700
ÇJ,1701
ÇK,1702
ÇL,1703
ÇM,1704
ÇN,1705
ÇO,1706
ÇP,1707
ÇQ,1708
ÇR,1709
ÇS,1710
ÇT,1711
ÇU,1712
ÇV,1713
ÇW,1714
ÇX,1715
ÇY,1716
ÇZ,1717
ÉA,1718
ÉB,1719
ÉC,1720
ÉD,1721
ÉE,1722
ÉF,1723
ÉG,1724
ÉH,1725
ÉI,1726
ÉJ,1727
ÉK,1728
ÉL,1729
ÉM,1730
ÉN,1731
ÉO,1732
ÉP,1733
ÉQ,1734
ÉR,1735
ÉS,1736
ÉT,1737
ÉU,1738
ÉV,1739
ÉW,1740
ÉX,1741
ÉY,1742
ÉZ,1743
ÑA,1744
ÑB,1745
ÑC,1746
ÑD,1747
ÑE,1748
ÑF,1749
ÑG,1750
ÑH,1751
ÑI,1752
ÑJ,1753
ÑK,1754
ÑL,1755
ÑM,1756
ÑN,1757
ÑO,1758
ÑP,1759
ÑQ,1760
ÑR,1761
ÑS,1762
ÑT,1763
ÑU,1764
ÑV,1765
ÑW,1766
ÑX,1767
ÑY,1768
ÑZ,1769
ÖA,1770
ÖB,1771
ÖC,1772
ÖD,1773
ÖE,1774
ÖF,1775
ÖG,1776
ÖH,1777
ÖI,1778
ÖJ,1779
ÖK,1780
ÖL,1781
ÖM,1782
ÖN,1783
ÖO,1784
ÖP,1785
ÖQ,1786
ÖR,1787
ÖS,1788
ÖT,1789
ÖU,1790
ÖV,1791
ÖW,1792
ÖX,1793
ÖY,1794
ÖZ,1795
ÜA,1796
ÜB,1797
ÜC,1798
ÜD,1799
ÜE,1800
ÜF,1801
ÜG,1802
ÜH,1803
ÜI,1804
ÜJ,1805
ÜK,1806
ÜL,1807
ÜM,1808
ÜN,1809
ÜO,1810
ÜP,1811
ÜQ,1812
ÜR,1813
ÜS,1814
ÜT,1815
ÜU,1816
ÜV,1817
ÜW,1818
ÜX,1819
ÜY,1820
ÜZ,1821
áA,1822
áB,1823
áC,1824
áD,1825
áE,1826
áF,1827
áG,1828
áH,1829
áI,1830
áJ,1831
áK,1832
áL,1833
áM,1834
áN,1835
áO,1836
áP,1837
áQ,1838
áR,1839
áS,1840
áT,1841
áU,1842
áV,1843
áW,1844
áX,1845
áY,1846
áZ,1847
àA,1848
àB,1849
àC,1850
àD,1851
àE,1852
àF,1853
àG,1854
àH,1855
àI,1856
àJ,1857
àK,1858
àL,1859
àM,1860
àN,1861
àO,1862
àP,1863
àQ,1864
àR,1865
àS,1866
àT,1867
àU,1868
àV,1869
àW,1870
àX,1871
àY,1872
àZ,1873
âA,1874
âB,1875
âC,1876
âD,1877
âE,1878
âF,1879
âG,1880
âH,1881
âI,1882
âJ,1883
âK,1884
âL,1885
âM,1886
âN,1887
âO,1888
âP,1889
âQ,1890
âR,1891
âS,1892
âT,1893
âU,1894
âV,1895
âW,1896
âX,1897
âY,1898
âZ,1899
äA,1900
äB,1901
äC,1902
äD,1903
äE,1904
äF,1905
äG,1906
äH,1907
äI,1908
äJ,1909
äK,1910
äL,1911
äM,1912
äN,1913
äO,1914
äP,1915
äQ,1916
äR,1917
äS,1918
äT,1919
äU,1920
äV,1921
äW,1922
äX,1923
äY,1924
äZ,1925
ãA,1926
ãB,1927
ãC,1928
ãD,1929
ãE,1930
ãF,1931
ãG,1932
ãH,1933
ãI,1934
ãJ,1935
ãK,1936
ãL,1937
ãM,1938
ãN,1939
ãO,1940
ãP,1941
ãQ,1942
ãR,1943
ãS,1944
ãT,1945
ãU,1946
ãV,1947
ãW,1948
ãX,1949
ãY,1950
ãZ,1951
åA,1952
åB,1953
åC,1954
åD,1955
åE,1956
åF,1957
åG,1958
åH,1959
åI,1960
åJ,1961
åK,1962
åL,1963
åM,1964
åN,1965
åO,1966
åP,1967
åQ,1968
åR,1969
åS,1970
åT,1971
åU,1972
åV,1973
åW,1974
åX,1975
åY,1976
åZ,1977
çA,1978
çB,1979
çC,1980
çD,1981
çE,1982
çF,1983
çG,1984
çH,1985
çI,1986
çJ,1987
çK,1988
çL,1989
çM,1990
çN,1991
çO,1992
çP,1993
çQ,1994
çR,1995
çS,1996
çT,1997
çU,1998
çV,1999
çW,2000
çX,2001
çY,2002
çZ,2003
éA,2004
éB,2005
éC,2006
éD,2007
éE,2008
éF,2009
éG,2010
éH,2011
éI,2012
éJ,2013
éK,2014
éL,2015
éM,2016
éN,2017
éO,2018
éP,2019
éQ,2020
éR,2021
éS,2022
éT,2023
éU,2024
éV,2025
éW,2026
éX,2027
éY,2028
éZ,2029
èA,2030
èB,2031
èC,2032
èD,2033
èE,2034
èF,2035
èG,2036
èH,2037
èI,2038
èJ,2039
èK,2040
èL,2041
èM,2042
èN,2043
èO,2044
èP,2045
èQ,2046
èR,2047
èS,2048
èT,2049
èU,2050
èV,2051
èW,2052
èX,2053
èY,2054
èZ,2055
êA,2056
êB,2057
êC,2058
êD,2059
êE,2060
êF,2061
êG,2062
êH,2063
êI,2064
êJ,2065
êK,2066
êL,2067
êM,2068
êN,2069
êO,2070
êP,2071
êQ,2072
êR,2073
êS,2074
êT,2075
êU,2076
êV,2077
êW,2078
êX,2079
êY,2080
êZ,2081
ëA,2082
ëB,2083
ëC,2084
ëD,2085
ëE,2086
ëF,2087
ëG,2088
ëH,2089
ëI,2090
ëJ,2091
ëK,2092
ëL,2093
ëM,2094
ëN,2095
ëO,2096
ëP,2097
ëQ,2098
ëR,2099
ëS,2100
ëT,2101
ëU,2102
ëV,2103
ëW,2104
ëX,2105
ëY,2106
ëZ,2107
íA,2108
íB,2109
íC,2110
íD,2111
íE,2112
íF,2113
íG,2114
íH,2115
íI,2116
íJ,2117
íK,2118
íL,2119
íM,2120
íN,2121
íO,2122
íP,2123
íQ,2124
íR,2125
